product_name,supplier_name,pack_size
Кришка для пляшок,Пласті Пак,1
Грінки ДО Бочкового Грінки ДО Бочкового телятина з аджикою житні 120г,Твій Продукт,1
Грінки ДО Бочкового Грінки ДО Бочкового рулька з печі 120г,Твій Продукт,1
Грінка Фірмова Часник грінка фірмова,Волинка снек,1
Грінка Фірмова Холодець з хріном грінка фірмова,Волинка снек,1
Грінка Фірмова Томат спайсі грінка фірмова,Волинка снек,1
Грінка Фірмова Качка по пекінськи грінка фірмова,Волинка снек,1
Горіхи Фісташка з сіллю Каліфорнія,Волинка снек,1
Горіхи Арахіс зі Смаком СИРУ,Волинка снек,1
Горіхи Арахіс зі Смаком ГОСТРИЙ,Волинка снек,1
Горіхи Арахіс зі Смаком БЕКОНУ,Волинка снек,1
Горіхи Арахіс з Сіллю,Волинка снек,1
Багети До Бочкового Багети До Бочкового кабаноси та гірчиця 85г,Твій Продукт,1
Чипси курячі Чипси курячі паприка,Волинка снек,1
Сир КОПЧЕНИЙ Сир сулугуні,Дім Шаурми,1
Риба Тунець преміум,Волинка снек,1
Риба Судак,Волинка снек,1
Риба Плітка ікряна,Волинка снек,1
Риба Кефаль вʼялена,Волинка снек,1
Риба Жовтий смугастик,Волинка снек,1
Риба Бичок в’ялений,Волинка снек,1
Ковбаски міні вагові,Волинка снек,1
Кальмар Філе кальмара (Перуанський),Волинка снек,1
Кальмар Стружка кальмара з крабом,Волинка снек,1
Грінки ДО Бочкового Грінки ДО Бочкового томати спайсі житні  120г,Твій Продукт,1
Кальмар Стружка кальмара,Волинка снек,1
Грінки Хвилясті Хвилясті з сиром,Волинка снек,1
Грінки Хвилясті Хвилясті з часником,Волинка снек,1
Риба Янтарна з перцем,Волинка снек,1
Риба Риба Звіздар (Тригла),Волинка снек,1
Джерки курячі часник,Волинка снек,1
Ботарга з ікри та ікряники Ікряники,Волинка снек,1
Анчоуси,Волинка снек,1
"Пиво імпорт Пиво Пражечка 0,5л зб",ДП Пілснер,1
"Пиво Volfas  0,568 жб Пиво з соком kriek 0,568 жб",ДП Пілснер,1
"Пиво Volfas  0,568 жб Пиво Volfas Porter 0,568 жб",ДП Пілснер,1
"Пиво Volfas  0,568 жб Пиво BLANC 0,568 жб",ДП Пілснер,1
"Пиво Volfas  0,568 жб Пиво APA 0,568 жб",ДП Пілснер,1
"Пиво Будвайзер 0,5 БА жб",ДП Пілснер,1
"Пиво Б/А корона екстра 0,33",Олга-логістик,1
"Пиво Oettinger free bier 0,33 жб БА",ДП Пілснер,1
Темне медове Черкаська Баварія,Черкаська Баварія,1
КЛЕПКА ІПА,Інг-транс,1
Земан Хмільна душа,Дім Пива,1
2085 UA Темний лагер,Броварня 2085,1
2085 UA Світлий лагер,Броварня 2085,1
Ручка для пляшки,Пласті Пак,1
Чипси картопляні Люкс 170г Чипси картопляні Люкс 183г краб,Люкс,1
Сушений сир Сулугуні сушений,Волинка снек,1
Кранч Васабі,Волинка снек,1
Кранч Бекон,Волинка снек,1
Грінки Хвилясті Хвилясті з хроном,Волинка снек,1
Кальмар Кальмар Кільця,Волинка снек,1
Кабаноси вагові,Волинка снек,1
Джерки курячі Теріякі,Волинка снек,1
Світле медове Черкаська Баварія,ЧБ,1
Парадисекко,Антип,1
Опілля Корифей,Антип,1
Опілля Біле,Антип,1
МОВА Паляниця,Мова,1
Микулинецьке 900,Микулин,1
Львівське 1715,Інг-транс,1
Лимонад,Антип,1
Кроненбург 1664 Бланк,Інг-транс,1
Князь Сангушко,Антип,1
КЛЕПКА Milk Stout,Інг-транс,1
КЛЕПКА IPA,Інг-транс,1
КЛЕПКА Golden Ale,Інг-транс,1
Квас,Оболонь,1
Кант IPA,Шандрук,1
Земан Пшеничне н/ф,Земан,1
Грімберген Бланш,Інг-транс,1
Гном БУРШТИН,Гном,1
Бланш де Київ,Антип,1
Бердичівське пшеничне,Антип,1
Бердичівське ЛАГЕР,Антип,1
Бердичів Amber hops,Антип,1
2085 UA Пшеничне,Броварня 2085,1
Стелла-Артуа,Олга-логістик,1
Умань Віденське,Антип,1
Умань Вайсбург білий,Антип,1
Умань Вайсбург дункель,Антип,1
Джерки курячі гострі,Волинка снек,1
Вушка свинячі копчені Вушка свинячі копчені,Волинка снек,1
Ботарга з ікри та ікряники Ікра тарані,Волинка снек,1
Ботарга з ікри та ікряники Ікра судака,Волинка снек,1
Ботарга з ікри та ікряники Ікра мойви,Волинка снек,1
Пиво Корона Екстра,Олга-логістик,1
"Пиво Volfas  0,568 жб Пиво IPA 0,568 жб",ДП Пілснер,1
"Пиво Стелла-Артуа 0,33л ба",Олга-логістик,1
Пиво Баварія 0.5 ж/б б/а,ДП Пілснер,1
"Келихи Чернігівське Стакан-бокал СТЕЛЛА 0,5л",Олга-логістик,1
"Келихи Чернігівське Стакан Хугарден 0,5",Олга-логістик,1
Хамон по козацькі свинина,Волинка снек,1
"Келихи Чернігівське Стакан ХУГАРДЕН 0,33",Олга-логістик,1
Келихи Чернігівське Кружка пивна Lowenbrau isar 1л,Олга-логістик,1
"Вино столове сухе 0,75 мл ТМ ЕКСПАТ Вино столове сухе 0,75 л ТМ ЕКСПАТ",ДП Пілснер,1
Чеське світле,Антип,1
Ципа Говерла,Ципа,1
Хугарден,Олга-логістик,1
Хмільна душа,Земан,1
Фраголіно,Антип,1
Умань Томатне,Антип,1
Умань Софіївське,Антип,1
Умань Медове,Антип,1
Умань Вайсбург синій,Антип,1
"Келихи Чернігівське Стакан бокал Корона 0,5л",Олга-логістик,1
Кранч Сир,Волинка снек,1
